Matrizes,COO_matrix,CSC_matrix,CSR_matrix,LinkedList_matrix
rajat29.mtx,0.053502,0.056000,0.055997,0.505458
af_4_k101.mtx,0.082497,0.071990,0.076001,0.397978
rajat30.mtx,0.063996,0.064003,0.064002,0.845409
parabolic_fem.mtx,0.025005,0.027505,0.026006,0.154478
ASIC_680k.mtx,0.046501,0.045004,0.055497,0.413432
ASIC_680ks.mtx,0.032502,0.037497,0.108983,0.133495
