Matrizes,COO_matrix,CSC_matrix,CSR_matrix,LinkedList_matrix
StocF-1465.mtx,0.136560,0.196383,0.172392,1.030134
Geo_1438.mtx,0.343547,0.370025,0.320632,3.142880
Hamrle3.mtx,0.074871,0.080255,0.074974,0.433851
