Matrizes,COO_matrix,CSC_matrix,CSR_matrix,LinkedList_matrix
F1.mtx,0.152076,0.152969,0.147826,2.246574
cage14.mtx,0.312699,0.315485,0.283220,7.159203
FullChip.mtx,0.350568,0.386615,0.359494,4.783810
