Matrizes,COO_matrix,CSC_matrix,CSR_matrix,LinkedList_matrix
F1.mtx,0.128486,0.111328,0.124474,1.903315
cage14.mtx,0.263991,0.239474,0.240992,6.061078
CurlCurl_4.mtx,0.155105,0.156995,0.137231,0.707937
FullChip.mtx,0.297968,0.311976,0.307481,4.070105
Fault_639.mtx,0.128996,0.120501,0.123496,1.262885
