Matrizes,COO_matrix,CSC_matrix,CSR_matrix,LinkedList_matrix
StocF-1465.mtx,0.117497,0.146979,0.145478,0.910393
Geo_1438.mtx,0.290454,0.267961,0.268958,2.885931
Hamrle3.mtx,0.066497,0.066995,0.065000,0.364457
Long_Coup_dt6.mtx,0.389953,0.350975,0.368439,4.026930
Flan_1565.mtx,0.510452,0.434473,0.482458,4.934111
