Matrizes,COO_matrix,CSC_matrix,CSR_matrix,LinkedList_matrix
StocF-1465.mtx,0.593994,0.670804,0.616078,1.940730
Geo_1438.mtx,1.618208,1.580469,1.407042,4.106573
Hamrle3.mtx,0.306130,0.331639,0.307021,0.812659
