Matrizes,COO_matrix,CSC_matrix,CSR_matrix,LinkedList_matrix
F1.mtx,0.127489,0.111451,0.123985,1.898650
cage14.mtx,0.262468,0.237959,0.239985,6.049290
CurlCurl_4.mtx,0.155000,0.155971,0.134978,0.710460
FullChip.mtx,0.294984,0.310980,0.304463,4.063803
Fault_639.mtx,0.131998,0.121994,0.123491,1.267407
