Matrizes,COO_matrix,CSC_matrix,CSR_matrix,LinkedList_matrix
cant.mtx,0.017502,0.014502,0.016501,0.119481
TSOPF_RS_b678_c1.mtx,0.035999,0.027000,0.042997,1.094375
offshore.mtx,0.024001,0.031998,0.031503,0.306984
t3dh_a.mtx,0.019498,0.017432,0.020001,0.189035
pdb1HYS.mtx,0.019004,0.016005,0.019504,0.240470
